State,Latitude,Longitude,fid
Andhra Pradesh,13.70069829,78.70573517,317
Andhra Pradesh,15.11009836,77.68455093,285
Andhra Pradesh,17.00978736,81.73747562,193
Andhra Pradesh,17.4992914,82.76456372,147
Andhra Pradesh,17.71954662,83.25451853,110
Andhra Pradesh,17.66704222,83.18325388,121
Andhra Pradesh,14.92101564,78.2952749,286
Andhra Pradesh,17.08367653,82.08622422,186
Andhra Pradesh,18.15043691,83.36785547,56
Andhra Pradesh,18.07955787,83.38725484,65
Andhra Pradesh,18.3938454,83.43052466,22
Andhra Pradesh,18.2869974,83.5085235,36
Andhra Pradesh,15.19672687,77.13686989,283
Andhra Pradesh,15.02670457,77.8366639,284
Andhra Pradesh,15.8072464,78.48366224,273
Andhra Pradesh,18.14570643,83.65233703,57
Andhra Pradesh,17.28054704,82.09638586,172
Andhra Pradesh,16.99835431,81.93079639,207
Andhra Pradesh,17.01043247,81.81532981,202
Andhra Pradesh,15.23310653,78.19540029,282
Andhra Pradesh,15.35879837,78.21942151,281
Andhra Pradesh,14.67129687,78.431656,292
Andhra Pradesh,14.78478033,77.79123458,291
Andhra Pradesh,14.58819819,78.2151115,294
Andhra Pradesh,14.65235032,79.58618101,293
Andhra Pradesh,14.76446633,77.98193973,288
Andhra Pradesh,14.8646561,76.91090865,287
Andhra Pradesh,14.22235112,78.06984457,290
Andhra Pradesh,14.39234794,77.20342561,289
Andhra Pradesh,16.52981952,79.82598116,246
Andhra Pradesh,16.47703754,80.75628499,254
Andhra Pradesh,15.68973147,78.25835638,262
Andhra Pradesh,16.45497529,80.41186185,258
Andhra Pradesh,16.86222386,81.36637514,203
Andhra Pradesh,15.80458329,77.98683755,274
Andhra Pradesh,15.44763773,77.87819298,279
Andhra Pradesh,15.54692738,79.74997786,277
Andhra Pradesh,15.67022859,77.48065902,275
Andhra Pradesh,14.02529621,77.0450518,300
Andhra Pradesh,14.4411054,78.87511267,299
Andhra Pradesh,14.000095,78.13583137,302
Andhra Pradesh,14.01157326,78.14631507,301
Andhra Pradesh,14.56608636,77.84226539,296
Andhra Pradesh,14.57867155,77.18724944,295
Andhra Pradesh,14.45495102,77.67023104,298
Andhra Pradesh,14.46342331,78.23726457,297
Andhra Pradesh,13.99056082,78.17082459,308
Andhra Pradesh,13.74187471,78.62042919,307
Andhra Pradesh,13.59536424,80.02403323,310
Andhra Pradesh,13.73205737,78.42419809,309
Andhra Pradesh,15.52318403,77.26488149,278
Andhra Pradesh,13.98796012,77.47957978,303
Andhra Pradesh,13.94559917,77.51968752,304
Andhra Pradesh,13.93499315,77.49489797,305
Andhra Pradesh,15.6463828,79.25287823,276
Andhra Pradesh,16.29489224,79.81372327,267
Andhra Pradesh,16.28856173,80.35163789,268
Andhra Pradesh,13.54383447,79.99977469,325
Andhra Pradesh,13.90732931,78.18268052,306
Andhra Pradesh,17.27129789,82.08206422,324
Andhra Pradesh,13.5929854,79.73347019,323
Andhra Pradesh,13.19048837,79.09017767,314
Andhra Pradesh,13.5138396,79.96718027,311
Andhra Pradesh,13.3258519,78.67318739,312
Andhra Pradesh,18.47273788,83.34729037,318
Andhra Pradesh,12.87704942,78.38161192,315
Andhra Pradesh,12.85426618,78.38518775,316
Andhra Pradesh,13.28609621,79.6192693,313
Andhra Pradesh,15.36236864,77.49423255,280
Chhattisgarh,21.28061276,81.58565584,891
Chhattisgarh,21.12271363,82.47963905,866
Chhattisgarh,21.4235904,81.91737775,863
Chhattisgarh,21.15585693,81.17168629,864
Chhattisgarh,21.52085081,81.27301643,979
Chhattisgarh,21.54199448,81.89198346,1392
Chhattisgarh,21.11816238,82.47795679,867
Chhattisgarh,21.54578482,81.24571529,861
Gujarat,23.47481645,71.58190155,341
Gujarat,23.69417038,71.56293678,336
Gujarat,23.55985611,73.28726277,338
Gujarat,23.36564707,70.62654512,348
Gujarat,23.36583324,70.74435035,347
Gujarat,23.30431717,73.30724612,350
Gujarat,23.35399717,70.61455365,349
Gujarat,23.6691889,71.57978887,337
Gujarat,23.39430666,71.63987702,343
Gujarat,23.37070642,70.74097462,346
Gujarat,23.37564534,71.65043347,345
Gujarat,22.96764741,73.22451114,356
Gujarat,23.01495052,72.35728497,355
Gujarat,22.76147104,70.68426044,358
Gujarat,22.92803284,71.35562441,357
Gujarat,23.44571381,73.19784985,342
Gujarat,23.38406404,70.61518837,344
Gujarat,23.50415726,73.43786773,340
Gujarat,24.09416937,73.07119895,329
Gujarat,21.69664806,70.02023523,378
Gujarat,21.73623779,70.11665307,377
Gujarat,23.350247,70.38760632,388
Gujarat,23.25086325,69.02630893,387
Gujarat,21.76830294,70.07603227,390
Gujarat,21.77747938,70.06549984,389
Gujarat,20.87860955,71.28115113,384
Gujarat,23.2979894,73.28320409,352
Gujarat,20.8973909,71.22977946,383
Gujarat,20.81999358,71.00366307,385
Gujarat,23.91433736,71.93311893,332
Gujarat,23.92348786,71.18021475,331
Gujarat,23.7214097,71.87564274,334
Gujarat,23.77237316,72.99282543,333
Gujarat,24.5198859,72.19823343,328
Gujarat,23.92561347,71.52389487,330
Gujarat,23.26230113,69.02573351,386
Gujarat,23.2953837,73.27803356,351
Gujarat,23.26399413,71.78562548,353
Gujarat,21.77692757,70.07720194,375
Gujarat,23.22763837,73.37204656,354
Gujarat,21.89905109,69.96341177,372
Gujarat,22.60345951,73.26144664,361
Gujarat,22.539115,71.4132798,362
Gujarat,22.724379,71.42874663,359
Gujarat,21.14370566,73.02159932,429
Gujarat,30.3746039,76.83663942,436
Gujarat,22.70824266,71.41772611,360
Gujarat,22.26206593,70.25992366,366
Gujarat,22.35670588,70.90509894,363
Gujarat,22.32106913,71.26246135,364
Gujarat,22.60476229,73.26690457,1332
Gujarat,21.60285397,70.27753669,1331
Gujarat,22.60492087,73.26366131,1333
Gujarat,22.30401397,72.72621516,365
Gujarat,30.71450208,76.85992282,435
Gujarat,21.98915911,70.94340018,371
Gujarat,21.89751168,72.90328518,373
Gujarat,21.17018713,72.71892946,382
Gujarat,21.59307868,69.84286234,379
Gujarat,21.48026344,70.37060161,380
Gujarat,22.07179185,73.35634021,369
Gujarat,21.83450956,72.8535026,374
Gujarat,22.32058698,72.44453718,396
Gujarat,22.32007787,72.43338873,395
Gujarat,22.07093484,72.62048019,370
Gujarat,20.70798526,70.95424154,397
Gujarat,22.25149082,72.73044279,368
Gujarat,22.01583931,71.93389187,392
Gujarat,23.04747526,71.85761591,391
Gujarat,21.42387957,73.12773459,394
Gujarat,23.41949927,71.61966668,393
Gujarat,22.25099422,72.74057655,367
Gujarat,21.74751534,70.09925481,376
Haryana,28.96915199,77.14382308,417
Haryana,28.54265856,77.07750265,415
Haryana,28.5411432,77.08349061,416
Haryana,28.84764211,75.63675552,409
Haryana,28.93214182,75.62841548,408
Haryana,28.929999,75.62907071,407
Haryana,29.62539316,75.19867731,399
Haryana,29.69806469,75.91859086,406
Haryana,28.09156671,76.00082565,412
Haryana,29.38744213,76.85979719,402
Haryana,28.44007486,75.94430749,411
Haryana,28.6965312,75.58213494,410
Haryana,29.45687715,74.7735611,400
Haryana,28.28242873,77.31764037,414
Haryana,28.28675432,77.31688322,404
Haryana,29.38847753,76.87072022,401
Haryana,29.90875526,75.07831342,398
Haryana,28.36318696,76.21801006,442
Haryana,28.36223742,76.21850649,441
Haryana,28.10033937,75.99955254,413
Haryana,28.70938138,77.24825315,403
Haryana,29.56344877,74.80565354,405
Himachal Pradesh,30.49800596,77.7846179,423
Himachal Pradesh,31.60258787,76.70324829,420
Himachal Pradesh,31.16079408,76.75811945,421
Himachal Pradesh,31.39474636,76.1823256,443
Himachal Pradesh,30.50728265,77.80156503,419
Himachal Pradesh,30.50789005,77.79657716,422
Jharkhand,22.63494502,86.01590828,428
Jharkhand,24.45975577,86.76317959,427
Jharkhand,24.48695628,84.83628964,424
Jharkhand,24.46106198,86.75842414,426
Jharkhand,24.48616923,84.8412369,425
Jharkhand,22.15449813,85.49897761,449
Karnataka,17.92903759,77.36777969,447
Karnataka,17.79692663,77.01775142,450
Karnataka,13.09443748,78.28445893,677
Karnataka,13.95853048,76.79847456,52
Karnataka,12.94677185,74.82730594,1406
Karnataka,13.69001206,76.64903645,671
Karnataka,13.8705315,76.74239587,1401
Karnataka,12.78390219,76.56880297,1412
Karnataka,12.77844616,76.57129981,1411
Karnataka,12.7591383,77.20685192,1413
Karnataka,12.8630666,77.30070492,1408
Karnataka,13.8281545,76.76434496,1403
Karnataka,12.89416079,76.86901772,1407
Karnataka,12.79754404,76.57053436,1409
Karnataka,8.843665905,77.58593337,1352
Karnataka,8.840965862,77.59653005,1351
Karnataka,12.86464982,77.10751601,1380
Karnataka,12.88577187,78.0378743,1382
Karnataka,12.8864151,78.03982563,1381
Karnataka,13.55238943,77.36406242,1326
Karnataka,12.796859,76.57854481,1410
Karnataka,13.91384753,76.81409758,191
Karnataka,13.82691443,76.76558566,1404
Karnataka,13.73464973,78.0857229,1384
Karnataka,13.76535534,78.11303136,1419
Karnataka,12.16719755,77.36680649,1416
Karnataka,12.17119778,76.37300662,1415
Karnataka,17.77697276,77.46077556,1428
Karnataka,14.14532304,76.67689138,1427
Karnataka,14.26590953,76.76893279,1430
Karnataka,17.77254299,77.4642792,1429
Karnataka,12.89393136,78.16488617,1383
Karnataka,13.39513101,78.09731778,1426
Karnataka,12.95316309,76.79726313,1436
Karnataka,12.16248881,77.16380875,1435
Karnataka,12.223638,76.99245907,1438
Karnataka,12.08350078,75.78463139,1437
Karnataka,11.96491017,76.80641729,1432
Karnataka,11.94065371,76.72924188,1431
Karnataka,12.03567478,77.27444967,1433
Karnataka,15.7289192,74.76333755,1425
Karnataka,17.92035208,77.38038462,448
Karnataka,17.98247812,77.5604156,440
Karnataka,17.68704897,77.34537152,454
Karnataka,14.82302188,76.74684225,564
Karnataka,15.57623627,76.20717935,553
Karnataka,15.57188825,76.46846169,554
Karnataka,15.58614186,76.19028342,551
Karnataka,15.58014518,76.02052907,552
Karnataka,15.56422926,76.0405712,557
Karnataka,15.55195458,76.43072702,558
Karnataka,14.75203433,76.53101558,555
Karnataka,15.57194401,76.01877165,556
Karnataka,13.49804345,76.87990999,609
Karnataka,14.80626042,76.10235692,563
Karnataka,13.49824241,76.88690728,610
Karnataka,13.39295474,76.40688731,608
Karnataka,14.29808242,76.79069357,613
Karnataka,14.2644336,76.77400593,614
Karnataka,14.32356019,76.11071012,611
Karnataka,14.30705726,77.22120863,612
Karnataka,15.19160259,75.88431542,601
Karnataka,14.6122704,76.51907542,602
Karnataka,14.8064731,76.12620282,599
Karnataka,14.79226473,76.08783412,600
Karnataka,15.49107919,75.70452213,605
Karnataka,13.37296153,77.5961577,607
Karnataka,15.5355819,76.18350446,606
Karnataka,14.86813164,76.81568417,566
Karnataka,14.76029775,76.52912522,560
Karnataka,14.98653123,76.07883662,525
Karnataka,15.90042496,74.89178261,526
Karnataka,15.90353316,76.56392295,524
Karnataka,14.67955126,76.67153587,577
Karnataka,15.16707269,77.07595617,578
Karnataka,15.20007997,75.86235069,575
Karnataka,14.67333663,75.51435611,576
Karnataka,15.0707965,75.45099897,581
Karnataka,15.06483467,76.10687195,582
Karnataka,15.09002078,75.62563118,579
Karnataka,14.86635411,76.81295031,565
Karnataka,15.08360764,75.46975835,580
Karnataka,15.25442895,75.99286214,570
Karnataka,14.86918937,76.81165324,567
Karnataka,15.37016533,75.51581854,568
Karnataka,15.2183047,75.32379854,573
Karnataka,15.21922215,76.02413831,574
Karnataka,14.76138283,76.5276062,571
Karnataka,15.24044184,76.85422071,572
Karnataka,15.403414,75.53042117,561
Karnataka,15.39647373,75.5416813,562
Karnataka,15.51744393,76.91711241,559
Karnataka,15.25709944,76.04285946,569
Karnataka,15.97712498,76.07957964,520
Karnataka,14.52337591,76.43488476,603
Karnataka,14.91659324,76.11372473,593
Karnataka,14.10590135,76.56598808,637
Karnataka,14.10194451,76.85115968,638
Karnataka,14.10915577,76.7567014,635
Karnataka,14.10638144,76.55743109,636
Karnataka,14.14636828,77.31432895,625
Karnataka,14.13549497,77.31474089,626
Karnataka,14.16593272,77.35694273,623
Karnataka,14.14840521,76.68465994,624
Karnataka,14.14014531,76.66488623,629
Karnataka,14.1327621,76.69779107,630
Karnataka,14.13961842,76.69538975,632
Karnataka,14.14070448,76.6841676,627
Karnataka,14.2242302,75.557891,617
Karnataka,14.19584796,77.3453763,618
Karnataka,14.25728207,77.35092559,615
Karnataka,14.22925674,77.27868912,616
Karnataka,14.16922794,77.35787288,621
Karnataka,14.16718244,77.35692371,622
Karnataka,14.26827195,76.77225114,619
Karnataka,14.1801329,77.44035258,620
Karnataka,13.21033354,77.69006529,673
Karnataka,13.1749281,78.56421271,674
Karnataka,14.14182261,76.69204024,628
Karnataka,14.4732764,76.31514641,604
Karnataka,14.14265961,76.69661323,631
Karnataka,14.14670736,76.70056849,633
Karnataka,14.91343128,76.11517056,594
Karnataka,14.94282209,76.81035355,591
Karnataka,14.91967856,76.109187,592
Karnataka,14.90390647,76.12134546,598
Karnataka,14.9089429,76.11961324,595
Karnataka,14.90727543,76.81069029,596
Karnataka,15.02773459,75.19509862,585
Karnataka,15.02760579,75.19221998,586
Karnataka,15.7015517,76.8639699,583
Karnataka,15.78468831,75.75408192,584
Karnataka,14.14315426,76.70041676,634
Karnataka,14.96477747,75.18481935,589
Karnataka,14.98493562,76.11327711,587
Karnataka,14.97431639,76.13935061,588
Karnataka,14.06643965,76.92034794,641
Karnataka,14.06023963,76.92001444,642
Karnataka,14.09650994,77.27018546,639
Karnataka,14.07469793,76.71923952,640
Karnataka,13.99366421,76.37796116,645
Karnataka,13.99348429,77.36441044,646
Karnataka,14.04541999,76.90863418,643
Karnataka,14.01127366,77.36318354,644
Karnataka,14.953269,76.14338248,590
Karnataka,15.98158276,74.99689803,519
Karnataka,15.96664516,76.07194291,522
Karnataka,15.97034582,74.98126895,521
Karnataka,16.89506234,75.7086022,478
Karnataka,16.92173595,75.50409676,475
Karnataka,16.87369804,76.99086673,476
Karnataka,16.99930318,75.60436162,465
Karnataka,16.97962164,75.60689174,466
Karnataka,17.13766996,77.19516404,463
Karnataka,17.02536902,75.82697118,464
Karnataka,16.96671246,76.24034329,469
Karnataka,16.93223086,75.68820096,470
Karnataka,16.96707441,75.60604033,467
Karnataka,16.64922374,77.21065601,477
Karnataka,16.96880972,76.25535555,468
Karnataka,17.46494035,76.74518919,458
Karnataka,17.68663479,77.33410583,455
Karnataka,17.64199611,77.41819395,456
Karnataka,17.21265857,76.77602082,461
Karnataka,17.1123735,77.2352301,462
Karnataka,17.40187765,77.38151269,459
Karnataka,17.2472339,75.66231419,460
Karnataka,16.13808474,77.12215334,513
Karnataka,16.02774322,74.97378092,514
Karnataka,16.23340514,74.58696512,511
Karnataka,17.51026868,76.99084669,457
Karnataka,16.18903956,77.04390736,512
Karnataka,16.95255902,77.01011494,472
Karnataka,16.92898693,75.87575079,474
Karnataka,17.79707938,77.00588598,451
Karnataka,17.7335265,77.20655225,452
Karnataka,17.68598055,77.32999567,439
Karnataka,13.61109009,76.76947223,1327
Karnataka,17.97478132,77.43348706,445
Karnataka,17.93105267,77.54169372,446
Karnataka,17.98269483,77.43186321,444
Karnataka,18.14733711,77.42258514,433
Karnataka,18.08101896,77.12649227,434
Karnataka,18.18699158,77.46691816,431
Karnataka,16.95943716,76.58169777,471
Karnataka,18.18612345,77.41611995,432
Karnataka,18.19910562,77.44986115,430
Karnataka,16.87301894,75.71374145,481
Karnataka,16.7910596,76.92186894,482
Karnataka,16.55539368,77.0663988,479
Karnataka,16.57010593,77.07409808,480
Karnataka,16.61577611,75.45737234,485
Karnataka,16.61101728,77.01746732,486
Karnataka,16.70872806,75.07460765,483
Karnataka,16.65487194,76.63010031,484
Karnataka,16.94892911,75.59304048,473
Karnataka,16.18265536,74.78802677,437
Karnataka,15.99749862,76.93313952,517
Karnataka,15.9857725,76.07029035,518
Karnataka,16.01931687,75.12798113,515
Karnataka,15.77339404,76.23432257,543
Karnataka,15.72805042,76.8589087,544
Karnataka,15.64909212,75.97837243,549
Karnataka,15.63971648,76.93177128,550
Karnataka,15.70492657,76.86006001,547
Karnataka,15.65751551,75.98893075,548
Karnataka,14.44951869,76.77970679,537
Karnataka,14.55310032,76.76206886,538
Karnataka,15.86445319,76.54903058,535
Karnataka,15.84530652,76.55659475,536
Karnataka,15.7238702,76.86734203,546
Karnataka,15.78845144,75.4912606,541
Karnataka,14.55647998,76.45876566,539
Karnataka,15.79024395,75.75389617,540
Karnataka,14.47488481,76.31492286,529
Karnataka,14.49404616,76.56942766,530
Karnataka,15.05243474,76.10393842,527
Karnataka,15.03912519,75.19501887,528
Karnataka,14.37931885,76.59704493,533
Karnataka,15.8866502,76.88703851,534
Karnataka,14.50011996,76.72927257,531
Karnataka,14.99318905,76.11163551,532
Karnataka,15.78341755,75.75030626,542
Karnataka,15.72919704,76.85941601,545
Karnataka,16.56021613,75.45724517,492
Karnataka,16.58977134,76.89879059,491
Karnataka,16.00808291,76.03904756,516
Karnataka,16.18208491,76.76711409,505
Karnataka,16.39101819,77.27352353,506
Karnataka,16.40357187,74.66413266,503
Karnataka,16.39788048,77.09495621,504
Karnataka,16.29011403,77.4998073,509
Karnataka,16.2560941,76.16080899,510
Karnataka,16.3889531,77.26357353,507
Karnataka,16.34852434,75.20339339,508
Karnataka,16.52313191,77.09088282,497
Karnataka,16.5214949,76.8113941,498
Karnataka,16.37766834,77.26678992,495
Karnataka,16.55429262,75.23175506,496
Karnataka,16.3762477,74.77277263,501
Karnataka,16.40620849,77.10640191,502
Karnataka,16.51819337,75.83077664,499
Karnataka,16.44851928,74.55083228,500
Karnataka,16.59442125,76.8952717,489
Karnataka,16.58936054,76.90336304,490
Karnataka,16.59849217,77.01932052,487
Karnataka,16.59521549,75.46690181,488
Karnataka,16.41352294,74.91980022,493
Karnataka,16.38500201,77.2707901,494
Karnataka,17.71385172,77.33222994,453
Karnataka,12.22922014,76.98936815,1337
Karnataka,13.76664729,77.86160298,1405
Karnataka,13.21472481,78.09797671,672
Karnataka,15.91315758,74.89474289,728
Karnataka,12.98309607,76.12147193,727
Karnataka,15.40718752,76.6363016,730
Karnataka,15.28967908,76.59163274,729
Karnataka,14.20488153,77.38004087,736
Karnataka,12.95685963,78.4163171,735
Karnataka,16.26946219,75.34457953,738
Karnataka,14.15880401,76.77851387,737
Karnataka,12.86380758,77.11210122,684
Karnataka,12.87017284,77.29466512,683
Karnataka,12.78250466,76.51850268,686
Karnataka,12.79983589,77.42532842,685
Karnataka,13.0410626,76.92410696,680
Karnataka,13.06579694,77.44893139,679
Karnataka,12.88377662,78.0396843,682
Karnataka,12.98893306,77.82524077,681
Karnataka,12.64066064,77.49168847,692
Karnataka,12.70021814,77.11039539,691
Karnataka,12.40906585,77.37908731,694
Karnataka,12.9556364,78.41404118,733
Karnataka,12.60592767,77.4236517,693
Karnataka,12.95881184,78.41278338,734
Karnataka,12.9555049,78.41104197,732
Karnataka,12.05984013,76.95883619,953
Karnataka,12.05838109,76.96106773,954
Karnataka,12.14704194,77.3195244,952
Karnataka,12.06145471,76.96267478,955
Karnataka,14.36549506,76.76296102,716
Karnataka,14.34154967,76.39848546,715
Karnataka,17.7800152,77.44224586,718
Karnataka,17.91042263,77.37058793,717
Karnataka,14.30725669,76.56111873,712
Karnataka,17.51953848,76.50320712,711
Karnataka,14.11246146,76.57305785,714
Karnataka,14.11522756,76.57243668,713
Karnataka,12.83938726,77.20252836,724
Karnataka,12.84269249,77.19374986,723
Karnataka,12.83454507,77.20622888,725
Karnataka,12.9440585,74.82489444,720
Karnataka,17.77717275,77.43933172,719
Karnataka,13.11121526,77.79749285,722
Karnataka,13.20834709,77.82398928,721
Karnataka,13.55498217,77.36050327,731
Karnataka,12.69711793,77.10563257,688
Karnataka,12.75543465,76.19891318,726
Karnataka,12.69872159,77.10206958,690
Karnataka,13.83457613,77.34061843,650
Karnataka,13.84261341,77.35121908,649
Karnataka,13.49916199,76.87567501,660
Karnataka,13.68905641,77.44962224,659
Karnataka,13.6703949,76.62403579,662
Karnataka,13.68147068,76.78764679,661
Karnataka,13.74794405,76.39295956,656
Karnataka,13.75111067,76.39091628,655
Karnataka,13.72723082,77.56149489,658
Karnataka,13.74521038,76.39166481,657
Karnataka,13.10897386,77.4966141,668
Karnataka,13.10409224,78.27089516,667
Karnataka,13.36617861,78.36344596,670
Karnataka,13.26571014,76.73976788,669
Karnataka,13.66204389,76.76406274,663
Karnataka,13.55023717,77.36287532,666
Karnataka,13.5517159,77.51422733,665
Karnataka,13.74786623,77.55263917,676
Karnataka,13.1215536,78.34383673,675
Karnataka,13.08386973,78.29208195,678
Karnataka,12.75561505,76.20448217,687
Karnataka,13.97803188,76.54087429,647
Karnataka,13.75607656,76.39775863,653
Karnataka,13.39492599,77.98700219,664
Karnataka,13.82938253,77.35745317,651
Karnataka,12.69275537,77.09798828,689
Karnataka,13.7515117,77.18288032,654
Karnataka,12.36495039,77.60395392,699
Karnataka,12.30423558,77.15837357,702
Karnataka,12.30697535,77.16115583,701
Karnataka,13.74768548,76.39506234,696
Karnataka,12.40414423,77.37819958,695
Karnataka,12.3915497,76.17648554,698
Karnataka,13.55308701,77.3590676,697
Karnataka,17.6717449,77.21448665,708
Karnataka,11.88683785,76.72319599,707
Karnataka,12.36059007,77.58936289,700
Karnataka,17.67278429,77.20591882,709
Karnataka,12.13675453,77.2020663,704
Karnataka,12.30245706,77.16384324,703
Karnataka,12.0591728,76.94042383,706
Karnataka,17.77371547,77.01905229,710
Karnataka,13.78300228,76.40552271,652
Karnataka,12.12819332,77.21526901,705
Kerala,11.37540149,75.78106908,757
Kerala,10.60733856,76.71820259,743
Kerala,10.15828182,76.39024842,1424
Kerala,10.15987734,76.39978006,1400
Kerala,12.71719222,74.91205444,740
Kerala,8.60689917,76.87510214,1390
Kerala,12.34651511,75.14584736,739
Kerala,10.15876762,76.40294147,1399
Kerala,10.07860578,76.3406467,770
Kerala,12.30284329,75.27958918,741
Kerala,10.71606603,76.61316731,742
Kerala,10.07521871,76.32796055,1391
Madhya Pradesh,21.32034843,83.03840576,889
Madhya Pradesh,22.72102881,75.81150419,887
Madhya Pradesh,21.8481551,76.10836121,888
Madhya Pradesh,23.98337175,76.73264376,881
Madhya Pradesh,23.94587947,76.03103341,902
Madhya Pradesh,24.06085098,75.34551991,896
Madhya Pradesh,24.06821446,76.59135772,895
Madhya Pradesh,23.98629447,75.32644784,897
Madhya Pradesh,23.95848067,76.72199741,882
Madhya Pradesh,23.97852683,76.73914935,880
Madhya Pradesh,24.68796262,75.1315898,844
Madhya Pradesh,23.04613073,77.04545337,852
Madhya Pradesh,26.3558481,78.27175017,846
Madhya Pradesh,24.58442095,80.85973635,845
Madhya Pradesh,24.78425206,75.08148431,842
Madhya Pradesh,23.03931183,76.9395518,854
Madhya Pradesh,23.03885379,77.04079723,853
Madhya Pradesh,25.039632,79.43602429,848
Madhya Pradesh,22.33464791,74.70716994,860
Madhya Pradesh,22.54168475,75.77856933,859
Madhya Pradesh,23.02924471,77.03791805,856
Madhya Pradesh,23.03260301,77.06009394,855
Madhya Pradesh,22.54299723,75.77382511,858
Madhya Pradesh,22.58892484,77.83404339,857
Madhya Pradesh,23.50644945,76.15288535,885
Madhya Pradesh,24.65877592,77.39203354,868
Madhya Pradesh,24.72212921,75.03492231,843
Madhya Pradesh,23.09698779,77.53141074,886
Madhya Pradesh,23.94247388,76.03441584,903
Madhya Pradesh,23.51333373,76.15743599,884
Madhya Pradesh,24.07653182,75.34080821,870
Madhya Pradesh,24.25032648,78.17623658,974
Madhya Pradesh,24.05026151,75.34707292,976
Madhya Pradesh,24.09907725,75.69977524,975
Madhya Pradesh,23.28899486,77.35436878,978
Madhya Pradesh,24.47084395,81.54525106,19
Madhya Pradesh,23.94042034,76.02691227,904
Madhya Pradesh,23.92975168,76.12055899,905
Madhya Pradesh,23.70176321,75.92492214,916
Madhya Pradesh,23.70010656,75.52778018,915
Madhya Pradesh,23.5135567,76.12231082,918
Madhya Pradesh,23.53831193,76.12075562,917
Madhya Pradesh,23.84691278,75.79544726,883
Madhya Pradesh,23.82829585,77.89740494,912
Madhya Pradesh,21.97685667,80.47222485,1394
Madhya Pradesh,23.1787168,77.42790864,1393
Madhya Pradesh,23.31078624,76.34818139,924
Madhya Pradesh,23.3161432,76.34546297,923
Madhya Pradesh,23.20474549,76.75241923,926
Madhya Pradesh,23.28924812,77.34851788,925
Madhya Pradesh,23.37620159,76.09183654,920
Madhya Pradesh,23.49479506,77.06317217,919
Madhya Pradesh,23.37171534,76.09334071,922
Madhya Pradesh,23.37438317,76.10819843,921
Madhya Pradesh,23.17418589,79.9855068,928
Madhya Pradesh,23.18904114,79.96785758,871
Madhya Pradesh,23.82727054,75.89869926,911
Madhya Pradesh,24.51337205,77.62850286,869
Madhya Pradesh,21.30540802,81.35545679,890
Maharashtra,17.64279921,75.96691751,808
Maharashtra,21.03157499,75.98971215,754
Maharashtra,21.05191074,74.30336408,751
Maharashtra,21.06113449,74.2898161,752
Maharashtra,20.91114401,78.47564375,758
Maharashtra,17.55096555,74.82033251,1388
Maharashtra,17.50560788,75.78549556,1387
Maharashtra,20.95777728,78.37500352,755
Maharashtra,17.55279161,74.82146794,1389
Maharashtra,17.5009106,75.7686387,1386
Maharashtra,19.6139251,73.92029844,1396
Maharashtra,16.99363945,74.78238394,1395
Maharashtra,21.07744106,74.43216123,1397
Maharashtra,20.92947263,75.56367302,756
Maharashtra,21.03240878,75.97971586,753
Maharashtra,21.44248432,74.3376889,745
Maharashtra,21.51352473,74.89312836,744
Maharashtra,21.12586082,78.96353675,749
Maharashtra,21.09586574,74.4342054,750
Maharashtra,21.31741148,78.60059854,747
Maharashtra,21.3134107,78.61023149,748
Maharashtra,17.87782453,74.55101221,801
Maharashtra,17.86350672,74.53517381,802
Maharashtra,17.80178477,76.24796793,805
Maharashtra,17.79837058,76.24269531,806
Maharashtra,20.84921926,78.53168501,803
Maharashtra,17.85591519,76.44599843,804
Maharashtra,18.27744109,76.64067149,876
Maharashtra,18.31272725,74.59867279,875
Maharashtra,21.40897944,78.98499051,746
Maharashtra,18.13195325,74.33800983,878
Maharashtra,20.39461986,75.03212884,764
Maharashtra,20.15477867,78.15153306,766
Maharashtra,18.33454948,76.37736513,972
Maharashtra,18.37017064,76.10508213,971
Maharashtra,20.14243516,74.21518505,767
Maharashtra,18.88108424,76.6728963,968
Maharashtra,18.89218604,75.58365681,967
Maharashtra,18.37669053,74.46663232,970
Maharashtra,18.43743285,76.70596751,969
Maharashtra,20.13098545,78.6365692,768
Maharashtra,19.54901616,75.38913919,773
Maharashtra,19.23910794,75.6898294,774
Maharashtra,19.61937667,73.92928149,771
Maharashtra,19.61145404,73.92570469,956
Maharashtra,19.61762446,73.92079775,772
Maharashtra,20.57871602,78.33101896,763
Maharashtra,19.46413936,75.58423295,958
Maharashtra,18.96073171,76.2041017,523
Maharashtra,20.75383024,74.84181967,761
Maharashtra,17.55623689,74.3546532,1773
Maharashtra,20.84327191,74.75408367,759
Maharashtra,18.90015504,76.6760473,964
Maharashtra,18.92613293,76.35325811,963
Maharashtra,18.89422446,76.67875416,966
Maharashtra,17.79308664,75.58277834,807
Maharashtra,19.29969702,75.59853528,959
Maharashtra,18.91857809,76.36078763,962
Maharashtra,20.93466691,79.00280655,961
Maharashtra,20.84048758,77.72007095,760
Maharashtra,20.30183788,79.02337585,765
Maharashtra,19.60332638,73.93065915,957
Maharashtra,18.26068081,77.07889011,877
Maharashtra,19.29001807,75.73421496,960
Maharashtra,17.35770987,74.11830214,828
Maharashtra,17.93957591,76.27481832,1376
Maharashtra,18.83930333,74.81191604,824
Maharashtra,17.86811876,75.8690177,1375
Maharashtra,19.61198677,73.92300543,1378
Maharashtra,18.07928439,76.1805376,1377
Maharashtra,17.46659524,75.07726317,823
Maharashtra,17.44739387,76.05982607,826
Maharashtra,17.49811309,75.76567021,841
Maharashtra,17.45657008,76.06144928,825
Maharashtra,16.61449644,74.37077841,829
Maharashtra,19.07686426,74.61921799,775
Maharashtra,20.1409171,74.21593588,839
Maharashtra,21.08747786,74.3540912,779
Maharashtra,17.50390941,75.83121727,840
Maharashtra,18.79916362,73.61188861,836
Maharashtra,20.01978175,79.26959467,833
Maharashtra,17.61684718,73.4796232,835
Maharashtra,18.4785208,75.69604901,834
Maharashtra,18.60626031,73.86412276,831
Maharashtra,20.11256325,73.9542224,838
Maharashtra,21.38858161,78.78972577,776
Maharashtra,20.72407254,77.44869404,832
Maharashtra,16.61110483,74.37215665,830
Maharashtra,21.08257213,74.38665454,777
Maharashtra,18.92519793,76.39868896,817
Maharashtra,17.53804103,75.43203054,818
Maharashtra,17.55823811,74.34620713,815
Maharashtra,21.0595273,74.37457772,778
Maharashtra,17.50301502,75.7801854,820
Maharashtra,17.63842589,76.39126958,809
Maharashtra,19.65267632,76.44353657,812
Maharashtra,17.55792242,74.81047333,816
Maharashtra,17.56039033,74.82455848,814
Maharashtra,17.55228528,74.36038979,1374
Maharashtra,17.55694311,74.35376814,1373
Maharashtra,19.60946668,73.93133444,813
Maharashtra,18.66952343,75.52231609,827
Maharashtra,17.94788503,76.27699052,879
Maharashtra,17.61780257,76.37417848,811
Maharashtra,19.61350905,73.92478702,837
Odisha,20.74388297,83.10837573,982
Odisha,20.78659258,83.89111532,981
Odisha,20.11432592,83.22320445,977
Odisha,20.59758102,86.01079139,984
Odisha,20.62565674,86.01376168,983
Odisha,20.12023958,83.24260606,907
Odisha,21.72564903,84.04851798,872
Odisha,20.52663863,83.46931867,898
Odisha,20.13045035,83.23013271,906
Odisha,20.9866742,83.07856545,874
Odisha,21.53995106,84.95333753,873
Odisha,19.95867168,85.42454083,1068
Odisha,19.26125339,82.72977596,1052
Odisha,19.97642789,85.46591089,1070
Odisha,20.38801305,83.29685108,1069
Odisha,19.32595456,83.43416677,1051
Odisha,22.03566738,84.26994911,1423
Odisha,20.59583649,86.01037126,892
Odisha,20.56049707,83.50383039,894
Odisha,20.44598378,85.82485193,1072
Odisha,20.55324686,83.37140222,985
Odisha,20.52158482,83.48009518,901
Odisha,20.56099901,83.50999436,893
Odisha,20.13720578,83.23659353,1071
Odisha,20.5245647,83.4744541,900
Odisha,20.52478059,83.47034406,899
Odisha,20.5315277,83.46756809,1385
Punjab,29.87506484,75.6613462,1049
Punjab,29.592108,75.24492165,986
Punjab,29.85126493,75.48959107,1044
Punjab,29.82127162,75.57705481,990
Punjab,29.8215806,75.53115594,1043
Punjab,31.96273634,74.95582436,1038
Punjab,29.81274415,75.37601248,1046
Punjab,29.98766298,74.75093513,1040
Punjab,29.66053811,75.26268862,1037
Punjab,29.98975631,74.75102097,1039
Punjab,29.96180742,75.16423457,1056
Punjab,29.72798382,75.31169347,1041
Punjab,29.8649157,75.80861607,1047
Punjab,29.87491208,75.67726265,1048
Punjab,29.9846448,74.7525712,1054
Punjab,30.0685797,74.67190478,1053
Punjab,29.88808284,75.6911511,1059
Punjab,29.96200459,75.77272022,1057
Punjab,29.95645607,74.50902096,1058
Punjab,29.96422464,75.15344629,1055
Punjab,29.72873648,75.30821321,1042
Punjab,30.0616623,74.6601195,238
Punjab,31.40226862,75.40057036,793
Punjab,30.40124589,74.08324809,910
Punjab,29.85837116,75.80724607,951
Punjab,29.96161948,74.50763446,851
Punjab,30.13338105,75.01617109,1422
Punjab,29.85887631,75.20481289,945
Punjab,29.85919588,75.19219407,946
Punjab,29.80378493,75.52669933,949
Punjab,29.80459445,75.32670943,950
Punjab,29.80011678,75.51944176,947
Punjab,29.80032897,75.51427781,948
Punjab,30.01265703,74.60231676,850
Punjab,31.44751916,74.66145082,788
Punjab,29.94812344,74.67749389,790
Punjab,30.2189924,74.75176118,913
Punjab,29.95859027,75.16193396,1372
Punjab,31.94617504,74.91808659,929
Punjab,30.25706028,74.25353842,930
Punjab,30.15790165,74.68832434,927
Punjab,30.92745266,74.63470642,789
Punjab,29.82119854,75.60117175,1036
Punjab,30.11898718,74.34758516,932
Punjab,31.6876966,75.85250866,792
Punjab,30.9279396,74.63601519,791
Punjab,30.08708633,74.03817164,849
Rajasthan,27.89938552,72.92817557,1012
Rajasthan,24.95477292,74.13241135,999
Rajasthan,24.54780188,76.2264206,1000
Rajasthan,24.51454131,72.7864181,1001
Rajasthan,27.89937898,72.93256721,1011
Rajasthan,28.03677132,73.05188651,1005
Rajasthan,24.09863435,75.80474187,1002
Rajasthan,28.03374796,73.05252574,1006
Rajasthan,28.02383619,73.08819538,1003
Rajasthan,25.1683121,73.25083609,997
Rajasthan,26.86167469,71.99405867,1061
Rajasthan,26.83273143,71.81557292,1062
Rajasthan,27.38033369,72.14080678,1060
Rajasthan,23.62946279,74.36244766,1014
Rajasthan,27.42986287,72.39711354,1033
Rajasthan,27.52934029,71.96211672,934
Rajasthan,27.49711463,71.91397444,933
Rajasthan,30.03932769,73.90709014,1045
Rajasthan,27.46542457,72.28120894,1117
Rajasthan,28.03560962,73.04969328,1004
Rajasthan,23.88186692,75.89129639,1013
Rajasthan,27.9139112,72.89535419,1009
Rajasthan,27.9055951,72.93924472,1007
Rajasthan,27.60110856,72.21833607,937
Rajasthan,27.47957086,72.31019251,938
Rajasthan,27.51803017,71.92936783,935
Rajasthan,27.54073351,71.91307349,936
Rajasthan,27.44832456,72.34652244,941
Rajasthan,27.45251458,72.33873705,942
Rajasthan,27.44335377,72.47986174,939
Rajasthan,26.7379539,73.20851118,987
Rajasthan,27.47373271,72.38690879,940
Rajasthan,26.72551488,73.19013748,989
Rajasthan,25.8439487,74.75799489,993
Rajasthan,25.66232131,74.60126468,994
Rajasthan,25.88930804,74.63308854,991
Rajasthan,25.33978391,73.21772444,996
Rajasthan,25.64998877,74.86994252,995
Rajasthan,27.48260201,72.38915705,944
Rajasthan,27.41232167,72.21275136,943
Rajasthan,27.89786217,72.94938654,1025
Rajasthan,26.74640987,73.21086682,1026
Rajasthan,27.92535222,72.89009142,1010
Rajasthan,28.02115809,73.06187504,992
Rajasthan,26.51826501,72.85357407,1020
Rajasthan,25.84798899,74.75392948,1019
Rajasthan,26.53431309,72.85658547,1022
Rajasthan,26.45482025,75.9471674,1021
Rajasthan,24.5462286,76.22728749,1016
Rajasthan,27.90653976,72.95318768,1008
Rajasthan,24.54254985,76.22590586,1015
Rajasthan,24.54516246,76.22775824,1017
Rajasthan,25.89020368,74.63720979,1028
Rajasthan,26.74344001,73.20591414,1027
Rajasthan,27.39845054,72.21240643,1030
Rajasthan,26.52515248,72.86250332,1029
Rajasthan,26.73142249,73.19668474,1024
Rajasthan,26.743982,72.98217959,1023
Rajasthan,24.60056414,73.82097622,1018
Rajasthan,27.38917219,72.31298475,1034
Rajasthan,12.98611349,79.29450296,1118
Rajasthan,27.40698172,72.17531736,1035
Rajasthan,25.78589237,73.32046504,1063
Rajasthan,27.39575948,72.15387747,1067
Rajasthan,27.34835928,72.15576388,1077
Rajasthan,27.36752431,72.17829483,1073
Rajasthan,27.38328265,72.31902425,1114
Rajasthan,25.88756615,74.63617597,1321
Rajasthan,24.65524152,74.64157421,1316
Rajasthan,24.54619426,76.22560319,1315
Rajasthan,25.09572837,76.40273023,1318
Rajasthan,25.02757225,74.64972049,1317
Rajasthan,27.36054121,72.13811718,1094
Rajasthan,27.39280278,72.13696784,1066
Rajasthan,24.5468196,76.22493351,1314
Rajasthan,27.42752442,72.38954784,1099
Rajasthan,27.38474087,72.24190513,1096
Rajasthan,27.38532782,72.30395053,1115
Rajasthan,27.49254611,72.39953894,1032
Rajasthan,27.45581767,72.27277808,1106
Rajasthan,27.43966209,72.32466361,1104
Rajasthan,27.89225295,72.9601005,1322
Rajasthan,27.3826783,72.13325153,1065
Rajasthan,27.90078766,72.96113614,1323
Rajasthan,27.41561568,72.1577475,1031
Rajasthan,25.82210672,71.47150225,1320
Rajasthan,25.42182774,75.05354977,1319
Rajasthan,27.89499929,72.9577869,1324
Tamil Nadu,10.74540326,78.78208816,1126
Tamil Nadu,10.85447647,78.30951171,1124
Tamil Nadu,10.98061242,77.70023261,1111
Tamil Nadu,12.81951747,79.40708059,1123
Tamil Nadu,9.414057492,77.9986787,1340
Tamil Nadu,12.81710209,79.40876855,1125
Tamil Nadu,10.97466289,77.6386759,1113
Tamil Nadu,9.575773064,77.70686052,1349
Tamil Nadu,10.97717368,77.66043901,1112
Tamil Nadu,9.089805098,77.77658435,1195
Tamil Nadu,8.925946008,77.70033316,1196
Tamil Nadu,10.55842697,77.92644906,1225
Tamil Nadu,26.80739854,83.3493067,1272
Tamil Nadu,10.90504494,77.64391419,794
Tamil Nadu,10.90263107,77.78090891,795
Tamil Nadu,9.788239721,77.72703192,1257
Tamil Nadu,30.45719723,77.73476647,1258
Tamil Nadu,10.9673765,77.77832159,1345
Tamil Nadu,10.49188474,78.06271388,1346
Tamil Nadu,9.488282474,78.23407355,1343
Tamil Nadu,10.74838254,78.79434775,1344
Tamil Nadu,11.1962665,77.19220668,1379
Tamil Nadu,8.853045362,77.60743297,1350
Tamil Nadu,10.49271938,78.05730976,1347
Tamil Nadu,9.499785448,78.22088377,1342
Tamil Nadu,10.89161426,78.35069844,1120
Tamil Nadu,10.56508869,77.9253193,1366
Tamil Nadu,10.66312645,77.28093182,1367
Tamil Nadu,11.62394219,79.54407623,1085
Tamil Nadu,12.59800691,79.85771433,1080
Tamil Nadu,12.80319426,79.31853509,1079
Tamil Nadu,12.34939498,78.95188133,1082
Tamil Nadu,11.58485482,79.44831637,1092
Tamil Nadu,11.41427965,77.63948119,1091
Tamil Nadu,11.38528229,77.20687992,1093
Tamil Nadu,11.62332061,79.52806674,1086
Tamil Nadu,11.60597938,79.51605578,1088
Tamil Nadu,11.46797012,77.20938595,1090
Tamil Nadu,9.977335483,77.44715782,33
Tamil Nadu,9.810895107,78.6926672,34
Tamil Nadu,9.366160206,78.3806035,31
Tamil Nadu,9.841577821,78.08222017,32
Tamil Nadu,9.393779567,78.35039687,35
Tamil Nadu,11.61414912,79.52440443,1089
Tamil Nadu,11.61118739,79.52035996,1087
Tamil Nadu,11.62952647,79.49280798,1083
Tamil Nadu,11.62513195,79.53139484,1084
Tamil Nadu,9.437412072,78.17301985,1074
Tamil Nadu,10.81537523,78.18669279,1368
Tamil Nadu,10.98541371,76.9702936,1371
Tamil Nadu,8.767608241,77.95630785,1361
Tamil Nadu,9.358465782,78.27370422,1365
Tamil Nadu,8.91676652,77.71900948,1198
Tamil Nadu,9.440074295,78.16796153,1363
Tamil Nadu,10.71147718,77.75316634,1354
Tamil Nadu,10.89819664,77.92201681,1119
Tamil Nadu,10.87209097,78.29245659,1122
Tamil Nadu,9.279361864,77.6564778,1357
Tamil Nadu,9.281148821,77.65739463,1358
Tamil Nadu,10.9920645,78.04083337,1355
Tamil Nadu,9.257893976,77.9103849,1356
Tamil Nadu,10.88085587,78.34565691,1121
Tamil Nadu,12.9893412,79.29374669,1076
Tamil Nadu,13.13344852,80.09650396,1075
Tamil Nadu,8.91106649,77.74851659,1078
Tamil Nadu,10.83931083,77.06727963,1370
Tamil Nadu,8.918408363,77.71265831,1197
Tamil Nadu,12.59819944,79.8589928,1081
Tamil Nadu,9.093057341,77.78016327,1194
Tamil Nadu,10.1089118,77.69364707,1147
Tamil Nadu,10.95158984,77.30767056,1148
Tamil Nadu,10.45673541,77.92673075,1137
Tamil Nadu,10.16439007,78.77652491,1138
Tamil Nadu,11.24044581,77.54848171,1135
Tamil Nadu,10.52469271,77.88935182,1136
Tamil Nadu,10.13296036,77.68999099,1141
Tamil Nadu,10.13832089,77.68758007,1142
Tamil Nadu,10.13679222,77.68648721,1139
Tamil Nadu,9.122677931,78.10948738,1192
Tamil Nadu,10.56983593,78.87647915,1129
Tamil Nadu,10.5579234,77.92955587,1130
Tamil Nadu,10.71078076,77.75779759,1127
Tamil Nadu,10.57842283,78.63465595,1128
Tamil Nadu,10.54530303,77.90732073,1133
Tamil Nadu,10.53775345,77.90764463,1134
Tamil Nadu,10.54873034,77.90793,1131
Tamil Nadu,10.5487526,77.91079698,1132
Tamil Nadu,10.59851276,77.93033747,1185
Tamil Nadu,9.805209751,77.95087509,1186
Tamil Nadu,9.455673193,78.1520048,1183
Tamil Nadu,9.826422631,78.2902417,1150
Tamil Nadu,9.469654111,78.1525283,1184
Tamil Nadu,10.10280795,77.70015968,1149
Tamil Nadu,10.14257232,77.71436521,1143
Tamil Nadu,10.90975085,77.64385543,1116
Tamil Nadu,11.06531515,78.49715602,1105
Tamil Nadu,11.00268153,78.61134534,1109
Tamil Nadu,10.99621963,77.70129509,1110
Tamil Nadu,11.01407661,78.40191774,1107
Tamil Nadu,11.01448488,78.40553652,1108
Tamil Nadu,11.20883905,77.32966887,1097
Tamil Nadu,11.19414623,78.45701949,1098
Tamil Nadu,11.27408898,77.17101278,1095
Tamil Nadu,11.08304292,78.50485871,1101
Tamil Nadu,11.08092898,78.49679085,1102
Tamil Nadu,11.12186557,78.68883622,1100
Tamil Nadu,9.579412618,78.31791236,1153
Tamil Nadu,10.85205348,78.3083045,1154
Tamil Nadu,10.90246424,77.88499048,1151
Tamil Nadu,9.552025527,77.88608455,1157
Tamil Nadu,9.523690017,78.22332756,1158
Tamil Nadu,9.566086652,78.31042381,1155
Tamil Nadu,9.554376643,77.88402094,1156
Tamil Nadu,10.96203225,77.75805021,1145
Tamil Nadu,10.95775823,77.77450033,1146
Tamil Nadu,11.21348834,77.04929999,1144
Tamil Nadu,9.224807724,78.38481695,1190
Tamil Nadu,10.1375036,77.68948476,1140
Tamil Nadu,9.231881869,77.76642029,1188
Tamil Nadu,9.443196505,78.15649846,1163
Tamil Nadu,9.444432573,78.57235303,1164
Tamil Nadu,12.84658677,79.95506422,1216
Tamil Nadu,8.887480285,78.06558453,1209
Tamil Nadu,8.904595487,77.54951566,1210
Tamil Nadu,12.84518094,79.9555465,1207
Tamil Nadu,8.690509314,77.51117082,1208
Tamil Nadu,8.540997745,77.87149551,1213
Tamil Nadu,10.83762858,78.31544553,1160
Tamil Nadu,9.44251311,78.04907105,1187
Tamil Nadu,8.845969507,78.08357154,1202
Tamil Nadu,8.912735944,77.71678499,1199
Tamil Nadu,8.913057007,77.70932068,1200
Tamil Nadu,8.535580204,77.79943028,1205
Tamil Nadu,10.9116648,77.6502404,1206
Tamil Nadu,8.793356568,77.51961728,1203
Tamil Nadu,8.542392311,77.86697907,1204
Tamil Nadu,9.118849703,78.10371211,1193
Tamil Nadu,8.891097666,77.56599554,1201
Tamil Nadu,9.519661985,78.23021514,1159
Tamil Nadu,8.767106724,77.64743923,1211
Tamil Nadu,9.506595921,78.24868796,1161
Tamil Nadu,9.304178081,78.41150234,1178
Tamil Nadu,9.337627726,78.25749265,1175
Tamil Nadu,9.501225887,78.26060295,1162
Tamil Nadu,9.22256798,78.34901703,1176
Tamil Nadu,9.44627651,78.14962019,1181
Tamil Nadu,9.260024883,77.90865524,1179
Tamil Nadu,10.11294174,77.66152735,1169
Tamil Nadu,9.327236438,77.60172373,1177
Tamil Nadu,9.436003918,78.16972873,1167
Tamil Nadu,9.415850641,78.25034042,1168
Tamil Nadu,10.52375725,77.90591476,1170
Tamil Nadu,9.512756016,78.21531731,1172
Tamil Nadu,9.365874434,78.20922693,1173
Tamil Nadu,9.804700769,78.44775889,1171
Tamil Nadu,9.350615314,78.27032406,1174
Telangana,18.76432667,79.48671501,15
Telangana,18.38366362,78.25882397,24
Telangana,18.30688148,78.66299291,29
Telangana,18.30410162,78.89451435,30
Telangana,18.33172635,78.88816127,27
Telangana,18.78294158,79.72636166,14
Telangana,18.31508531,78.20419641,28
Telangana,17.07425582,77.5568771,327
Telangana,18.57904028,78.86026679,17
Telangana,18.78968035,77.91728883,13
Telangana,18.86000869,78.18064304,10
Telangana,18.89477897,78.20083809,9
Telangana,18.4234966,79.22692697,20
Telangana,18.41288241,78.21421585,21
Telangana,18.52117634,79.55605218,18
Telangana,18.69195606,79.62938278,16
Telangana,18.38874203,78.22579712,23
Telangana,16.92856491,79.47622092,1325
Telangana,18.37007507,78.20900243,25
Telangana,19.03945172,78.29388078,1308
Telangana,18.796615,78.6386811,1310
Telangana,18.9897119,79.44203228,1309
Telangana,16.90611017,79.31563272,1329
Telangana,18.22339384,78.33085448,648
Telangana,18.00674413,78.24971246,1330
Telangana,16.74703319,78.34246056,1328
Telangana,18.36706753,78.2134881,26
Telangana,17.70393892,77.80280287,114
Telangana,19.14372258,79.42368105,1
Telangana,19.14042643,78.24066671,2
Telangana,19.02423968,77.96191714,5
Telangana,19.0515266,78.28851922,1284
Telangana,18.98112342,79.42970027,1285
Telangana,18.2839544,78.46853651,37
Telangana,18.28010103,78.26542362,38
Telangana,18.82458982,79.10200759,11
Telangana,18.22456146,78.68488336,1311
Telangana,17.71787298,78.99494547,111
Telangana,18.11186164,79.33448377,63
Telangana,16.70133383,78.43024384,227
Telangana,16.6844707,78.35389023,230
Telangana,16.68777825,78.17361855,229
Telangana,16.71232147,78.47314232,224
Telangana,16.73516573,78.4828778,223
Telangana,16.70720652,78.43334255,226
Telangana,16.71942753,78.06562235,225
Telangana,17.68165342,77.72305044,119
Telangana,17.30107717,79.51133737,171
Telangana,17.23936251,77.97613668,174
Telangana,17.24687881,78.40471,173
Telangana,17.28200975,79.20205371,168
Telangana,17.31724011,78.5132292,167
Telangana,17.26615889,79.20972994,170
Telangana,17.2871729,79.18737737,169
Telangana,17.20709207,79.32551897,180
Telangana,17.21212046,77.88952938,179
Telangana,17.19936839,79.55488756,182
Telangana,17.27067534,79.59649593,181
Telangana,17.2293113,78.9154629,176
Telangana,17.23131621,77.86471817,175
Telangana,17.21651162,77.89304854,178
Telangana,17.22893391,77.97572522,177
Telangana,17.67440371,78.17464963,120
Telangana,17.0791039,78.27966784,187
Telangana,16.70856892,80.34350759,228
Telangana,16.80063874,78.41169954,217
Telangana,16.79267432,78.94195081,218
Telangana,16.80592195,79.05074131,215
Telangana,16.13522648,77.56260064,261
Telangana,16.4695104,77.8813543,256
Telangana,16.4759003,77.9147398,255
Telangana,17.59014414,77.88636602,131
Telangana,16.46501248,77.49393409,257
Telangana,16.85872246,77.55040859,204
Telangana,17.58713489,77.80911317,132
Telangana,18.06251783,78.41839412,66
Telangana,16.84333287,78.95719487,206
Telangana,16.86050031,78.09258378,205
Telangana,16.88779508,77.58365581,200
Telangana,16.88959973,78.08522902,199
Telangana,17.05601479,78.17335852,190
Telangana,17.07470434,79.7943553,201
Telangana,16.81974197,78.51566692,211
Telangana,16.81018708,78.41424176,214
Telangana,16.81181366,78.89684264,213
Telangana,16.83702568,78.83029052,208
Telangana,17.66901083,79.03039113,122
Telangana,16.82578291,79.053078,210
Telangana,16.83656233,78.11786784,209
Telangana,16.77373858,78.8664014,220
Telangana,16.78025299,78.33709322,219
Telangana,16.74339456,78.35618519,222
Telangana,16.75894566,78.25619042,221
Telangana,16.8052428,78.88982569,216
Telangana,16.81299833,79.05300838,212
Telangana,17.5649152,78.05872007,134
Telangana,17.05823198,78.46565144,189
Telangana,17.15590869,77.62966646,183
Telangana,17.44558323,77.62828824,152
Telangana,17.46892328,78.78884929,151
Telangana,17.39376976,79.30625096,154
Telangana,17.44101497,79.28187525,153
Telangana,17.38839256,79.25837123,164
Telangana,17.4420786,78.62337163,163
Telangana,17.28934771,79.14174497,166
Telangana,17.30746396,77.6123073,165
Telangana,17.34421274,77.97926614,160
Telangana,17.35035663,78.17774917,159
Telangana,17.48343007,77.87879502,162
Telangana,17.34335284,77.61583275,161
Telangana,17.72657067,79.03947972,108
Telangana,17.72712165,78.09524383,107
Telangana,17.70404003,78.67423327,113
Telangana,17.72443007,78.9780776,109
Telangana,17.75967176,78.59502424,104
Telangana,17.79916421,79.16125497,103
Telangana,17.75062111,78.59814949,106
Telangana,17.76586888,78.59060597,105
Telangana,17.69898178,78.94554284,116
Telangana,17.70056902,77.78715392,115
Telangana,17.68865291,77.86026314,118
Telangana,17.6917744,78.26553421,117
Telangana,17.71406714,79.01924082,112
Telangana,17.35920406,77.92688935,157
Telangana,17.35507291,79.58961173,158
Telangana,17.49773009,78.28371706,155
Telangana,17.36851483,77.5303304,156
Telangana,17.66302833,77.56532514,125
Telangana,17.08679608,78.27941223,185
Telangana,16.95109771,78.11218452,196
Telangana,16.95316227,78.85213496,195
Telangana,16.90971485,78.73661509,198
Telangana,16.94414647,78.89932702,197
Telangana,17.04684972,78.23613822,192
Telangana,17.66248762,77.86603292,126
Telangana,16.96526349,77.65106093,194
Telangana,17.66769289,77.79131647,123
Telangana,17.54284881,79.52186767,140
Telangana,17.54417329,77.87399024,139
Telangana,17.14981479,79.32399838,184
Telangana,17.53313674,79.52727849,142
Telangana,17.51063173,79.56267017,136
Telangana,17.55612315,79.51861193,135
Telangana,17.5480655,77.96529776,138
Telangana,17.51303861,79.55261853,137
Telangana,17.50385253,77.87781952,148
Telangana,17.66397116,77.56234271,124
Telangana,17.48315176,78.15471024,150
Telangana,17.48462132,77.88381679,149
Telangana,17.52223131,79.52775815,144
Telangana,17.53105054,79.53326278,143
Telangana,17.51909803,78.13007745,146
Telangana,17.51954634,79.5197072,145
Telangana,17.54113261,79.52578295,141
Telangana,16.44597087,78.00497805,259
Telangana,17.06074604,79.08779869,188
Telangana,17.93266707,78.13327783,87
Telangana,16.53791961,77.90370552,245
Telangana,16.6962071,78.48869038,240
Telangana,16.59551897,77.89256789,239
Telangana,17.9149892,78.14681286,91
Telangana,17.88224249,80.86012111,94
Telangana,17.8859789,78.77684308,93
Telangana,16.39013632,78.66292635,265
Telangana,16.55594962,77.9054819,242
Telangana,16.38644406,78.67197557,266
Telangana,19.14830027,79.42635625,4421
Telangana,17.64383914,77.54523689,128
Telangana,16.56449498,77.9505981,241
Telangana,16.40795299,78.70003587,264
Telangana,16.2657137,77.78164565,269
Telangana,16.15314641,77.76327125,270
Telangana,17.92779793,78.02050675,88
Telangana,17.96465776,78.05978721,79
Telangana,17.79265147,77.67203324,321
Telangana,16.48916156,77.92807426,252
Telangana,17.97941475,78.41630888,322
Telangana,17.78861475,77.66404295,319
Telangana,17.78842485,77.67281927,320
Telangana,16.42854748,78.0687687,263
Telangana,17.92251594,77.8224898,90
Telangana,17.9030202,79.03154754,92
Telangana,16.53927685,77.93511792,244
Telangana,17.94930379,77.82913773,83
Telangana,17.94673869,77.92282236,84
Telangana,18.00528214,78.05644265,73
Telangana,17.97176694,78.01033399,81
Telangana,16.00606333,77.75666088,271
Telangana,17.98747772,78.06565042,74
Telangana,18.04325489,78.45211955,71
Telangana,18.03024123,78.78976443,72
Telangana,15.9020379,78.00260925,272
Telangana,17.98091037,78.41525586,78
Telangana,16.55030613,77.93094241,243
Telangana,18.00174556,77.73445899,75
Telangana,17.60548225,77.94745767,129
Telangana,17.54836791,79.18847728,130
Telangana,16.6217481,78.47151572,236
Telangana,16.62301882,78.04605085,235
Telangana,17.65453616,77.54996587,127
Telangana,16.61549287,79.29445832,237
Telangana,16.63973114,78.77559498,232
Telangana,16.65027752,77.48234634,231
Telangana,16.62296515,77.88983864,234
Telangana,16.63119115,77.6627894,233
Telangana,17.99352273,78.43472765,76
Telangana,16.60253369,77.67464513,326
Telangana,17.96344073,78.01596239,80
Telangana,17.92042372,78.01979071,89
Telangana,18.2205133,78.32734898,54
Telangana,16.48199128,77.91262335,253
Telangana,16.49945588,78.35019656,248
Telangana,18.22336037,78.30111894,53
Telangana,16.49547132,78.42068889,250
Telangana,16.49905758,78.38128424,249
Telangana,16.43795269,78.06426742,260
Telangana,18.23463059,78.34405525,48
Telangana,18.23840563,78.33888761,47
Telangana,18.22835503,79.00213718,50
Telangana,18.22442022,78.9945697,51
Telangana,18.22987501,78.68065321,49
Telangana,18.13540959,77.71576339,59
Telangana,18.11532255,79.31775792,62
Telangana,18.12072013,79.31151429,61
Telangana,18.15470573,78.29209364,55
Telangana,18.14510618,78.65086664,58
Telangana,18.06283231,78.98747682,68
Telangana,18.05916744,78.98357106,67
Telangana,18.05633572,78.40768947,70
Telangana,18.05840515,78.98837514,69
Telangana,18.11394714,79.31307914,64
Telangana,18.12517148,78.48798504,60
Telangana,18.27734395,78.46885524,41
Telangana,16.50483064,78.45605918,247
Telangana,17.87332421,77.72832361,95
Telangana,18.28001495,78.85679968,39
Telangana,18.28086592,78.10604476,40
Telangana,18.24829727,78.26066046,45
Telangana,17.57170892,78.42824389,133
Telangana,18.24362854,78.67700695,46
Telangana,17.83857331,78.0170251,100
Telangana,17.80199054,79.15305347,102
Telangana,17.82860023,78.3286516,101
Telangana,17.87244081,77.73173066,96
Telangana,18.27469357,78.46991603,42
Telangana,16.48918157,77.91862705,251
Telangana,18.25997695,78.30303843,43
Telangana,18.2529617,78.29646748,44
Telangana,17.86450607,78.78971726,98
Telangana,17.86636821,78.0157142,97
Tripura,23.43268583,91.27673686,1212
Uttar Pradesh,30.45524665,77.73013709,1292
Uttar Pradesh,29.75743274,77.82206944,1353
Uttar Pradesh,29.05205354,79.18600396,1364
Uttar Pradesh,29.20585068,79.08892766,1223
Uttar Pradesh,29.04954004,79.22058929,1265
Uttar Pradesh,29.08642201,79.28512131,1224
Uttar Pradesh,29.06712306,79.19590884,1362
Uttar Pradesh,29.81858704,78.15904804,1281
Uttar Pradesh,29.91788773,77.7547924,1214
Uttar Pradesh,29.86799816,77.73568438,1218
Uttar Pradesh,29.88032429,77.74120273,1217
Uttar Pradesh,29.87573085,77.76114828,1263
Uttar Pradesh,29.62465599,78.0015859,1221
Uttar Pradesh,29.62342349,77.99665624,1222
Uttar Pradesh,29.73809648,77.93068102,1219
Uttar Pradesh,29.71192966,77.83227507,1220
Uttar Pradesh,29.82288444,78.15603116,1282
Uttar Pradesh,29.63202836,78.00141874,1294
Uttar Pradesh,30.44999165,77.72606827,1293
Uttar Pradesh,29.91709543,77.74960298,1215
Uttar Pradesh,29.93155357,77.76826995,1262
Uttarakhand,27.80224061,79.28642668,1421
Uttarakhand,27.80127257,79.28548767,1420
Uttarakhand,27.80366431,79.27899546,1418
Uttarakhand,24.99258341,82.17602356,1417
Uttarakhand,24.79235599,78.4098412,1288
Uttarakhand,25.45898985,79.46502434,784
Uttarakhand,25.23637956,81.56102954,796
Uttarakhand,25.45603805,79.70908966,785
Uttarakhand,25.44264616,79.71210637,786
Uttarakhand,25.37248846,81.87181456,1269
Uttarakhand,25.44848925,79.72142575,787
Uttarakhand,25.37123311,78.30721769,1270
Uttarakhand,25.4144691,79.43870706,1267
Uttarakhand,25.406989,79.43812898,1268
Uttarakhand,27.38830133,77.80813421,1338
Uttarakhand,25.55282089,80.3347995,781
Uttarakhand,26.09923626,79.60872525,1255
Uttarakhand,26.06742031,79.57028323,1335
Uttarakhand,25.56150557,80.33257548,780
Uttarakhand,25.81704516,79.69223976,1261
Uttarakhand,25.90708956,79.91648746,1259
Uttarakhand,25.83510735,79.65264262,1260
Uttarakhand,25.90801038,79.92059172,1313
Uttarakhand,25.85136698,79.42319325,1312
Uttarakhand,24.48714057,78.69487509,1291
Uttarakhand,26.47598234,80.26982447,1297
Uttarakhand,28.57870513,77.63150706,1295
Uttarakhand,27.51056617,81.52944554,1296
Uttarakhand,24.49406025,78.67054202,1290
Uttarakhand,25.06435524,82.29926596,1287
Uttarakhand,26.07568339,79.55778929,1256
Uttarakhand,25.23342355,81.55342684,798
Uttarakhand,25.79123743,80.13162935,782
Uttarakhand,25.23521744,81.55105528,797
Uttarakhand,28.1703264,79.537914,1360
Uttarakhand,27.92486685,78.07078272,1359
Uttarakhand,25.88923878,81.31374632,1334
Uttarakhand,27.13184757,79.2760406,1253
Uttarakhand,26.18291944,81.00655727,1254
Uttarakhand,27.58747675,79.73133646,1252
Uttarakhand,25.09753714,82.35520695,1279
Uttarakhand,24.99046994,82.17676407,1280
Uttarakhand,25.06567432,82.30220846,1286
Uttarakhand,27.38458939,77.80928308,1339
Uttarakhand,25.35239177,79.76879027,1273
Uttarakhand,27.61002263,79.68307009,1251
Uttarakhand,25.36578478,78.31791237,1271
Uttarakhand,25.0717509,82.20690435,799
Uttarakhand,25.064817,82.28619823,800
Uttarakhand,25.062878,82.30123639,1277
Uttarakhand,24.99785165,82.17326558,1278
Uttarakhand,25.31723356,79.81348376,1275
Uttarakhand,25.4184772,79.43937087,1266
Uttarakhand,25.32014042,78.52045454,1274
Uttarakhand,25.31257303,79.40320372,1276
Uttarakhand,27.57823889,79.73582986,1341
West Bengal,23.40436247,87.53699497,82
West Bengal,23.54215605,87.43159468,1300
West Bengal,23.56394096,87.12552242,1299
West Bengal,22.56821562,87.30648511,1302
West Bengal,23.36010924,86.42848333,1301
West Bengal,22.36908646,87.35493801,1307
West Bengal,23.71635094,87.06936231,1298
West Bengal,23.57940294,86.46598151,85
West Bengal,22.50690784,87.19483321,1304
West Bengal,22.53294606,87.30836794,1303
West Bengal,22.36605698,87.35647884,1306
West Bengal,24.36495524,88.11441989,99
West Bengal,24.37195615,88.11050476,77
West Bengal,23.58947349,86.46842425,86
